{"graph": {"_type": "graph-file", "sha256": "51c8f081f5fcc22156236b27befe0605ccdb8b53a18a8904ae2c79217b26ad0b", "size": 1230, "path": "media/graph/graph_summary_51c8f081f5fcc2215623.graph.json"}, "epoch": 9, "_timestamp": 1700714588.1160479, "loss": 0.15277715027332306, "accuracy": 0.9657731652259827, "val_loss": 1.4793554544448853, "val_accuracy": 0.6363333463668823, "_runtime": 97.55508375167847, "_step": 9, "best_val_loss": 1.222458004951477, "best_epoch": 6, "_wandb": {"runtime": 119}}