{"graph": {"_type": "graph-file", "sha256": "65960e56be5274c98dca8587225832b3042ab2072fa0b83a70e8d03721f151a0", "size": 1281, "path": "media/graph/graph_summary_65960e56be5274c98dca.graph.json"}, "epoch": 99, "_timestamp": 1700572377.4172826, "loss": 6.546865733980667e-07, "accuracy": 1.0, "val_loss": 2.3728930950164795, "val_accuracy": 0.7643333077430725, "_runtime": 3995.6651015281677, "_step": 250, "best_val_loss": 0.9136047959327698, "best_epoch": 4}