{"graph": {"_type": "graph-file", "sha256": "d84a67a8341769919837fd30fb707a6b0253f9346dcd5380def311e31f7a7df8", "size": 1276, "path": "media/graph/graph_summary_d84a67a8341769919837.graph.json"}, "epoch": 0, "_timestamp": 1700714665.562382, "loss": 2.344965696334839, "accuracy": 0.3221089839935303, "val_loss": 1.816595196723938, "val_accuracy": 0.4230000078678131, "_runtime": 14.778817892074585, "_step": 0, "best_val_loss": 1.816595196723938, "best_epoch": 0}